EmployeeID,Age,YearsExperience,YearsAtCompany,Department,EducationLevel,PerformanceRating,MonthlyHoursWorked,MonthlySalary
1,44,26,13.0,Sales,Bachelor,4.0,160.0,167000.0
2,38,18,0.0,Engineering,Bachelor,4.0,163.0,174000.0
3,46,24,3.0,Sales,Master,5.0,159.0,223000.0
4,55,31,12.0,Engineering,High School,1.0,148.0,125000.0
5,37,17,11.0,HR,Bachelor,2.0,172.0,115000.0
6,37,16,0.0,Operations,Bachelor,4.0,178.0,118000.0
7,55,35,2.0,Engineering,High School,3.0,177.0,149000.0
8,47,26,4.0,Operations,Master,3.0,182.0,151000.0
9,35,16,0.0,Marketing,Bachelor,4.0,174.0,141000.0
10,45,21,17.0,Sales,Bachelor,4.0,162.0,174000.0
11,35,16,12.0,Engineering,High School,5.0,182.0,177000.0
12,35,13,0.0,Marketing,Bachelor,5.0,149.0,163000.0
13,42,24,0.0,HR,Bachelor,4.0,156.0,130000.0
14,22,0,0.0,Finance,Master,,155.0,130000.0
15,22,4,4.0,Engineering,High School,4.0,,129000.0
16,34,12,1.0,Engineering,Bachelor,1.0,184.0,137000.0
17,29,5,2.0,Sales,Bachelor,3.0,177.0,107000.0
18,43,19,2.0,Sales,Master,4.0,186.0,199000.0
19,30,7,4.0,Engineering,Bachelor,3.0,156.0,148000.0
20,25,4,0.0,Sales,Master,3.0,175.0,117000.0
21,54,33,1.0,HR,Master,2.0,168.0,128000.0
22,37,13,13.0,Operations,Master,4.0,182.0,171000.0
23,40,17,11.0,Sales,Bachelor,,168.0,121000.0
24,25,7,7.0,Operations,Bachelor,4.0,164.0,114000.0
25,34,16,0.0,Sales,Master,3.0,178.0,140000.0
26,41,20,1.0,Marketing,PhD,4.0,183.0,205000.0
27,28,6,4.0,Engineering,Master,4.0,,188000.0
28,43,21,1.0,Finance,Bachelor,3.0,169.0,158000.0
29,33,12,12.0,Operations,Bachelor,3.0,154.0,110000.0
30,37,11,5.0,Finance,Bachelor,3.0,140.0,136000.0
31,33,10,0.0,Sales,Master,5.0,173.0,206000.0
32,58,30,11.0,Finance,Bachelor,4.0,179.0,224000.0
33,39,18,15.0,Engineering,Bachelor,5.0,173.0,239000.0
34,29,8,0.0,Operations,Master,3.0,140.0,122000.0
35,48,24,3.0,Marketing,Bachelor,4.0,164.0,143000.0
36,27,9,1.0,Sales,Master,4.0,140.0,155000.0
37,42,16,2.0,Marketing,Bachelor,,190.0,139000.0
38,22,0,0.0,Finance,Bachelor,,153.0,147000.0
39,26,4,4.0,Engineering,Bachelor,3.0,188.0,144000.0
40,41,22,15.0,Finance,Master,2.0,184.0,213000.0
41,47,29,3.0,Engineering,High School,4.0,156.0,154000.0
42,41,17,0.0,Finance,Bachelor,4.0,153.0,162000.0
43,38,19,4.0,HR,PhD,,175.0,163000.0
44,36,13,2.0,HR,Bachelor,3.0,157.0,96000.0
45,25,2,2.0,Marketing,Bachelor,3.0,171.0,94000.0
46,32,12,2.0,Marketing,Bachelor,3.0,162.0,104000.0
47,35,14,1.0,Engineering,Bachelor,3.0,,151000.0
48,50,23,1.0,HR,Master,4.0,140.0,169000.0
49,43,25,7.0,Sales,Bachelor,4.0,173.0,173000.0
50,22,4,1.0,Marketing,Bachelor,3.0,161.0,95000.0
51,43,19,7.0,Sales,Bachelor,3.0,161.0,138000.0
52,36,15,1.0,Engineering,Master,3.0,180.0,209000.0
53,33,12,1.0,Finance,High School,2.0,,113000.0
54,46,24,3.0,Engineering,Bachelor,4.0,165.0,195000.0
55,50,26,14.0,Finance,Bachelor,5.0,164.0,226000.0
56,49,24,13.0,Sales,Bachelor,3.0,177.0,154000.0
57,31,8,1.0,Engineering,Bachelor,4.0,149.0,167000.0
58,36,17,2.0,Marketing,Bachelor,4.0,173.0,135000.0
59,43,22,0.0,Engineering,Master,4.0,178.0,237000.0
60,49,25,3.0,Sales,Bachelor,2.0,180.0,129000.0
61,35,15,3.0,Finance,PhD,5.0,140.0,290000.0
62,38,7,7.0,Engineering,PhD,3.0,158.0,183000.0
63,28,9,9.0,HR,Bachelor,3.0,156.0,103000.0
64,28,0,0.0,Engineering,High School,2.0,171.0,96000.0
65,48,24,3.0,Engineering,Bachelor,3.0,177.0,169000.0
66,53,27,11.0,Finance,Master,2.0,192.0,206000.0
67,39,13,8.0,Sales,Bachelor,3.0,162.0,123000.0
68,50,31,0.0,Engineering,High School,3.0,162.0,136000.0
69,43,19,1.0,Sales,Bachelor,4.0,187.0,153000.0
70,33,12,2.0,Sales,Master,4.0,174.0,158000.0
71,43,20,1.0,HR,Master,3.0,189.0,151000.0
72,55,34,1.0,Sales,Bachelor,4.0,174.0,162000.0
73,39,17,0.0,HR,Master,4.0,152.0,146000.0
74,55,29,5.0,Operations,Bachelor,4.0,150.0,141000.0
75,22,2,,Sales,Bachelor,2.0,146.0,96000.0
76,48,24,0.0,Operations,Master,4.0,179.0,165000.0
77,40,13,1.0,Sales,Bachelor,5.0,187.0,151000.0
78,37,13,8.0,Operations,Bachelor,4.0,197.0,138000.0
79,40,22,9.0,Engineering,High School,3.0,182.0,144000.0
80,22,2,2.0,Finance,Master,3.0,187.0,144000.0
81,37,13,2.0,Marketing,Master,4.0,161.0,176000.0
82,43,19,,Sales,Master,3.0,,188000.0
83,54,31,1.0,Finance,Master,2.0,182.0,182000.0
84,34,16,1.0,Finance,Bachelor,3.0,176.0,136000.0
85,31,10,1.0,Engineering,Bachelor,4.0,171.0,179000.0
86,34,13,0.0,Engineering,Bachelor,4.0,175.0,163000.0
87,49,30,2.0,Finance,High School,2.0,174.0,118000.0
88,43,21,12.0,Finance,Bachelor,5.0,189.0,241000.0
89,34,11,4.0,Operations,PhD,3.0,189.0,164000.0
90,45,22,,HR,High School,4.0,178.0,113000.0
91,40,17,13.0,Operations,Bachelor,4.0,182.0,143000.0
92,49,26,0.0,Finance,Bachelor,4.0,177.0,187000.0
93,32,12,1.0,Sales,Bachelor,5.0,163.0,154000.0
94,36,14,,Engineering,PhD,3.0,181.0,234000.0
95,36,16,4.0,HR,Bachelor,,149.0,129000.0
96,25,2,0.0,Finance,Bachelor,2.0,185.0,119000.0
97,42,20,2.0,Engineering,Master,4.0,152.0,245000.0
98,42,14,5.0,Sales,Bachelor,4.0,174.0,151000.0
99,40,20,5.0,Operations,Bachelor,4.0,157.0,135000.0
100,37,16,5.0,Marketing,Bachelor,3.0,178.0,128000.0
101,25,5,1.0,Sales,Bachelor,4.0,169.0,120000.0
102,35,4,0.0,Marketing,PhD,2.0,146.0,122000.0
103,36,18,2.0,Engineering,Master,2.0,176.0,187000.0
104,31,8,0.0,Sales,Bachelor,4.0,161.0,126000.0
105,38,19,14.0,Sales,Master,3.0,183.0,189000.0
106,44,18,3.0,Engineering,Bachelor,4.0,170.0,191000.0
107,58,37,1.0,HR,High School,3.0,175.0,88000.0
108,41,15,7.0,Sales,Bachelor,2.0,155.0,124000.0
109,42,18,3.0,HR,Bachelor,4.0,161.0,132000.0
110,39,21,1.0,Operations,Bachelor,3.0,163.0,116000.0
111,22,0,0.0,Engineering,Master,,,145000.0
112,39,17,10.0,Finance,PhD,4.0,195.0,299000.0
113,40,20,5.0,Marketing,Bachelor,3.0,157.0,125000.0
114,64,43,0.0,Operations,Bachelor,4.0,186.0,130000.0
115,38,16,4.0,Engineering,High School,3.0,140.0,124000.0
116,43,22,7.0,Finance,High School,4.0,,160000.0
117,39,21,,Finance,Bachelor,4.0,155.0,194000.0
118,28,5,1.0,Sales,Bachelor,4.0,149.0,118000.0
119,51,29,10.0,Engineering,Master,2.0,146.0,206000.0
120,47,28,0.0,Finance,Bachelor,4.0,176.0,198000.0
121,47,28,6.0,Finance,High School,4.0,166.0,158000.0
122,30,11,3.0,Sales,Bachelor,4.0,175.0,141000.0
123,54,33,2.0,Finance,Bachelor,3.0,180.0,154000.0
124,25,0,0.0,Sales,High School,4.0,173.0,90000.0
125,45,27,8.0,Finance,Master,4.0,179.0,228000.0
126,61,35,2.0,Engineering,High School,2.0,168.0,123000.0
127,30,8,3.0,Operations,Master,,152.0,114000.0
128,34,9,5.0,Sales,Bachelor,4.0,185.0,133000.0
129,40,17,6.0,Sales,Bachelor,1.0,161.0,112000.0
130,34,12,12.0,Engineering,Bachelor,5.0,155.0,207000.0
131,24,2,2.0,Engineering,Master,4.0,167.0,183000.0
132,40,19,2.0,Marketing,Bachelor,4.0,156.0,150000.0
133,29,11,11.0,Sales,Master,3.0,163.0,138000.0
134,44,23,5.0,HR,High School,3.0,175.0,102000.0
135,30,7,1.0,Engineering,Master,5.0,175.0,216000.0
136,55,35,0.0,Sales,Bachelor,3.0,156.0,137000.0
137,32,13,9.0,Sales,Master,4.0,162.0,177000.0
138,36,10,2.0,Engineering,Bachelor,3.0,186.0,149000.0
139,48,27,,Engineering,PhD,2.0,177.0,241000.0
140,27,7,3.0,Sales,Bachelor,1.0,201.0,103000.0
141,42,19,1.0,Marketing,High School,3.0,187.0,94000.0
142,53,35,4.0,Sales,High School,5.0,187.0,156000.0
143,23,0,0.0,Marketing,Master,3.0,149.0,111000.0
144,41,19,2.0,Marketing,Bachelor,3.0,181.0,130000.0
145,42,19,3.0,Engineering,Master,3.0,169.0,228000.0
146,47,25,2.0,Marketing,Bachelor,3.0,161.0,122000.0
147,27,1,1.0,Operations,Bachelor,3.0,172.0,89000.0
148,26,0,0.0,Marketing,High School,4.0,184.0,82000.0
149,45,27,7.0,Finance,PhD,3.0,177.0,262000.0
150,42,17,0.0,Sales,Master,3.0,156.0,151000.0
151,42,17,1.0,HR,PhD,2.0,181.0,151000.0
152,43,14,3.0,HR,Bachelor,,160.0,154000.0
153,33,9,,Marketing,Master,3.0,173.0,133000.0
154,42,16,9.0,Operations,Master,2.0,165.0,124000.0
155,42,24,9.0,Engineering,Bachelor,,166.0,204000.0
156,32,13,1.0,Engineering,Master,3.0,181.0,191000.0
157,58,33,2.0,HR,PhD,3.0,154.0,179000.0
158,44,26,3.0,HR,Master,,199.0,147000.0
159,28,8,0.0,Engineering,Master,4.0,,203000.0
160,46,23,0.0,Sales,Bachelor,2.0,161.0,116000.0
161,30,0,0.0,Engineering,Bachelor,4.0,175.0,136000.0
162,47,29,1.0,Sales,PhD,4.0,178.0,220000.0
163,51,24,1.0,HR,High School,3.0,168.0,92000.0
164,31,4,0.0,Marketing,Master,3.0,169.0,115000.0
165,49,30,13.0,Sales,Master,3.0,176.0,187000.0
166,44,26,4.0,Sales,Master,4.0,166.0,185000.0
167,48,30,5.0,Engineering,PhD,3.0,190.0,261000.0
168,58,37,,Sales,Bachelor,,182.0,150000.0
169,37,16,2.0,Finance,Bachelor,3.0,183.0,148000.0
170,32,12,4.0,Operations,High School,5.0,155.0,113000.0
171,31,11,0.0,HR,Bachelor,3.0,168.0,99000.0
172,31,9,1.0,Engineering,Bachelor,5.0,165.0,190000.0
173,39,17,8.0,Operations,Bachelor,3.0,154.0,118000.0
174,43,20,7.0,HR,Master,2.0,175.0,141000.0
175,42,17,2.0,HR,PhD,3.0,161.0,157000.0
176,48,25,2.0,Marketing,Bachelor,3.0,179.0,135000.0
177,40,12,3.0,Sales,Bachelor,3.0,153.0,113000.0
178,54,31,0.0,Sales,PhD,1.0,195.0,160000.0
179,37,12,1.0,Engineering,High School,5.0,156.0,183000.0
180,65,39,1.0,Engineering,High School,4.0,173.0,148000.0
181,46,24,,Engineering,Bachelor,4.0,181.0,184000.0
182,31,13,8.0,Marketing,Bachelor,2.0,161.0,117000.0
183,29,9,1.0,Finance,Bachelor,2.0,182.0,117000.0
184,44,17,1.0,Marketing,PhD,2.0,151.0,160000.0
185,37,12,3.0,Engineering,Bachelor,4.0,191.0,199000.0
186,47,27,10.0,Operations,Bachelor,5.0,,157000.0
187,44,19,1.0,Operations,Bachelor,3.0,161.0,102000.0
188,39,16,0.0,HR,Bachelor,2.0,165.0,95000.0
189,31,10,2.0,Operations,Master,3.0,182.0,127000.0
190,24,0,0.0,Marketing,Master,3.0,161.0,111000.0
191,35,13,4.0,Operations,Master,3.0,158.0,124000.0
192,48,21,8.0,Engineering,Bachelor,4.0,166.0,215000.0
193,42,18,16.0,Sales,PhD,4.0,152.0,262000.0
194,27,5,5.0,Engineering,Master,,197.0,177000.0
195,41,14,4.0,Engineering,Master,1.0,161.0,159000.0
196,43,22,3.0,Engineering,High School,5.0,182.0,167000.0
197,31,8,0.0,Finance,High School,3.0,,101000.0
198,41,20,20.0,HR,Bachelor,2.0,,127000.0
199,40,18,2.0,Marketing,Master,2.0,169.0,138000.0
200,28,10,0.0,Engineering,Bachelor,1.0,181.0,123000.0
201,43,21,5.0,HR,Bachelor,,167.0,127000.0
202,45,21,1.0,Finance,Master,4.0,187.0,240000.0
203,50,28,4.0,Sales,Master,3.0,185.0,166000.0
204,50,29,4.0,Finance,PhD,3.0,183.0,255000.0
205,26,4,2.0,Sales,Bachelor,4.0,163.0,121000.0
206,30,8,8.0,Sales,Master,3.0,153.0,141000.0
207,45,20,1.0,Operations,Bachelor,4.0,,138000.0
208,45,21,2.0,Sales,Bachelor,4.0,172.0,156000.0
209,45,18,3.0,Marketing,Bachelor,1.0,178.0,117000.0
210,65,47,5.0,Operations,Bachelor,4.0,140.0,127000.0
211,45,19,7.0,Finance,Bachelor,3.0,169.0,163000.0
212,51,26,2.0,Engineering,Master,5.0,172.0,276000.0
213,49,24,5.0,Engineering,High School,3.0,165.0,143000.0
214,46,26,0.0,Engineering,Master,5.0,189.0,295000.0
215,36,13,13.0,Finance,Bachelor,4.0,176.0,187000.0
216,47,28,2.0,Sales,Bachelor,3.0,189.0,128000.0
217,32,7,6.0,Engineering,Bachelor,3.0,166.0,150000.0
218,37,15,0.0,Operations,Bachelor,5.0,184.0,152000.0
219,35,10,1.0,Marketing,Bachelor,4.0,194.0,114000.0
220,40,22,3.0,Engineering,Bachelor,2.0,189.0,167000.0
221,63,37,10.0,Marketing,Bachelor,4.0,153.0,143000.0
222,22,0,0.0,Finance,High School,3.0,166.0,88000.0
223,46,25,13.0,Engineering,Bachelor,1.0,164.0,153000.0
224,23,2,2.0,Sales,PhD,3.0,177.0,152000.0
225,35,12,3.0,HR,Bachelor,3.0,180.0,106000.0
226,50,27,0.0,Marketing,Master,,,158000.0
227,40,18,8.0,Marketing,Master,3.0,171.0,163000.0
228,29,6,1.0,Sales,PhD,4.0,140.0,163000.0
229,32,12,11.0,Engineering,Master,1.0,191.0,175000.0
230,46,28,12.0,Engineering,Bachelor,3.0,162.0,179000.0
231,32,8,8.0,Sales,Master,3.0,170.0,140000.0
232,42,15,3.0,Engineering,Master,3.0,,197000.0
233,40,17,5.0,Engineering,Bachelor,2.0,187.0,167000.0
234,33,15,7.0,HR,Bachelor,2.0,140.0,115000.0
235,61,36,0.0,Operations,High School,3.0,169.0,91000.0
236,46,28,4.0,HR,Master,3.0,168.0,145000.0
237,22,4,0.0,Operations,Master,3.0,163.0,103000.0
238,41,17,3.0,Engineering,High School,3.0,195.0,137000.0
239,33,12,0.0,Operations,Bachelor,4.0,156.0,118000.0
240,48,30,1.0,Engineering,Bachelor,5.0,181.0,230000.0
241,32,8,2.0,Operations,High School,3.0,175.0,71000.0
242,38,15,2.0,Operations,PhD,3.0,188.0,162000.0
243,45,21,4.0,Finance,Bachelor,2.0,159.0,158000.0
244,48,22,0.0,Operations,High School,5.0,159.0,119000.0
245,27,3,3.0,Marketing,Bachelor,2.0,186.0,87000.0
246,36,10,1.0,Sales,Master,3.0,176.0,149000.0
247,35,13,4.0,Sales,High School,3.0,146.0,101000.0
248,33,8,5.0,Marketing,Master,3.0,161.0,127000.0
249,57,35,4.0,Engineering,Bachelor,2.0,175.0,157000.0
250,44,17,6.0,Finance,High School,4.0,182.0,144000.0
251,27,5,2.0,Operations,Bachelor,2.0,159.0,92000.0
252,49,29,7.0,Engineering,Bachelor,4.0,140.0,206000.0
253,61,33,2.0,HR,Bachelor,2.0,177.0,109000.0
254,50,29,3.0,Operations,PhD,2.0,,164000.0
255,24,5,5.0,Operations,Master,5.0,140.0,146000.0
256,35,9,0.0,Operations,PhD,2.0,140.0,141000.0
257,52,34,5.0,Marketing,Bachelor,4.0,182.0,161000.0
258,32,11,4.0,Operations,PhD,3.0,171.0,147000.0
259,44,19,1.0,HR,Bachelor,2.0,166.0,105000.0
260,47,24,0.0,Engineering,Bachelor,5.0,190.0,201000.0
261,30,9,0.0,Marketing,High School,3.0,179.0,78000.0
262,39,17,12.0,Finance,High School,4.0,194.0,150000.0
263,22,1,1.0,Engineering,Master,2.0,149.0,140000.0
264,29,4,0.0,Finance,Bachelor,4.0,169.0,139000.0
265,37,15,2.0,Finance,Bachelor,1.0,145.0,118000.0
266,27,0,0.0,Engineering,Master,3.0,166.0,141000.0
267,56,33,9.0,Marketing,Bachelor,,166.0,158000.0
268,25,0,0.0,HR,Bachelor,5.0,179.0,115000.0
269,35,10,1.0,Marketing,Bachelor,5.0,170.0,131000.0
270,41,22,11.0,Engineering,Master,4.0,179.0,258000.0
271,54,35,0.0,Engineering,Master,4.0,180.0,218000.0
272,25,4,1.0,Sales,Bachelor,2.0,202.0,106000.0
273,51,25,15.0,Operations,Bachelor,3.0,165.0,137000.0
274,40,17,4.0,Engineering,Bachelor,3.0,155.0,158000.0
275,30,11,1.0,Finance,Master,3.0,173.0,162000.0
276,44,22,0.0,Engineering,Bachelor,3.0,157.0,162000.0
277,41,23,0.0,Sales,Bachelor,3.0,192.0,120000.0
278,33,12,1.0,HR,High School,2.0,165.0,79000.0
279,40,18,10.0,Finance,Bachelor,4.0,161.0,191000.0
280,36,13,2.0,Engineering,Bachelor,2.0,162.0,152000.0
281,41,19,6.0,Sales,Master,3.0,180.0,159000.0
282,46,23,12.0,Engineering,Bachelor,3.0,167.0,182000.0
283,55,35,,Marketing,Bachelor,4.0,160.0,133000.0
284,27,7,1.0,Finance,Master,4.0,194.0,176000.0
285,61,36,3.0,Engineering,Master,4.0,157.0,222000.0
286,22,0,0.0,Sales,Bachelor,2.0,170.0,94000.0
287,38,10,8.0,Sales,Bachelor,3.0,179.0,119000.0
288,45,24,0.0,Operations,Bachelor,2.0,145.0,109000.0
289,42,16,5.0,Operations,PhD,3.0,,162000.0
290,33,4,4.0,Engineering,High School,3.0,154.0,100000.0
291,37,16,11.0,HR,PhD,1.0,182.0,148000.0
292,35,17,0.0,Sales,Master,3.0,155.0,155000.0
293,34,11,3.0,Sales,Bachelor,5.0,,152000.0
294,48,28,10.0,HR,High School,5.0,186.0,144000.0
295,43,21,2.0,Operations,Bachelor,3.0,182.0,114000.0
296,33,10,3.0,Operations,Bachelor,1.0,173.0,84000.0
297,48,28,0.0,Marketing,Bachelor,2.0,166.0,120000.0
298,43,20,,Sales,Master,3.0,161.0,154000.0
299,48,26,,HR,PhD,5.0,192.0,231000.0
300,46,24,14.0,Sales,Bachelor,2.0,159.0,140000.0
301,31,6,1.0,Marketing,Master,4.0,154.0,137000.0
302,34,14,,Sales,High School,2.0,179.0,84000.0
303,47,24,5.0,Finance,Bachelor,5.0,158.0,203000.0
304,46,21,0.0,Engineering,High School,3.0,155.0,137000.0
305,39,18,3.0,Engineering,Master,4.0,148.0,241000.0
306,41,16,6.0,Operations,PhD,3.0,162.0,157000.0
307,52,30,10.0,Engineering,Master,4.0,168.0,251000.0
308,34,11,4.0,Marketing,High School,2.0,173.0,87000.0
309,45,26,5.0,Engineering,Bachelor,2.0,184.0,176000.0
310,37,16,0.0,Engineering,Bachelor,5.0,177.0,193000.0
311,37,14,14.0,Engineering,Bachelor,5.0,167.0,225000.0
312,50,30,0.0,Engineering,Master,4.0,167.0,227000.0
313,48,30,7.0,Operations,Master,4.0,177.0,177000.0
314,48,27,1.0,Sales,Master,4.0,189.0,212000.0
315,53,31,13.0,Operations,Bachelor,2.0,171.0,122000.0
316,40,14,6.0,Marketing,Bachelor,3.0,162.0,111000.0
317,46,20,7.0,Sales,High School,3.0,155.0,115000.0
318,36,13,1.0,Marketing,Bachelor,4.0,148.0,137000.0
319,43,19,2.0,Marketing,Bachelor,3.0,179.0,126000.0
320,38,15,4.0,HR,Master,2.0,178.0,122000.0
321,40,18,7.0,Sales,Master,3.0,178.0,175000.0
322,45,24,0.0,Sales,High School,4.0,168.0,126000.0
323,31,8,8.0,Operations,Bachelor,3.0,191.0,100000.0
324,60,39,11.0,Operations,Bachelor,2.0,162.0,122000.0
325,29,7,1.0,Operations,Bachelor,2.0,184.0,96000.0
326,27,0,0.0,Sales,Master,3.0,169.0,120000.0
327,51,26,3.0,HR,High School,3.0,160.0,93000.0
328,47,24,3.0,Marketing,Bachelor,4.0,178.0,145000.0
329,46,20,1.0,Marketing,Bachelor,4.0,176.0,153000.0
330,46,25,4.0,Engineering,Master,4.0,175.0,228000.0
331,39,21,6.0,Marketing,Bachelor,3.0,,134000.0
332,31,12,2.0,Engineering,Bachelor,4.0,169.0,162000.0
333,40,17,4.0,Sales,Bachelor,3.0,205.0,144000.0
334,33,15,6.0,Operations,Master,3.0,187.0,136000.0
335,49,27,6.0,Engineering,PhD,4.0,180.0,317000.0
336,38,14,0.0,Engineering,Bachelor,2.0,171.0,150000.0
337,31,7,7.0,Engineering,Master,2.0,185.0,159000.0
338,36,13,3.0,Operations,PhD,4.0,177.0,190000.0
339,44,20,1.0,Marketing,PhD,3.0,170.0,194000.0
340,34,12,1.0,Sales,Master,4.0,165.0,170000.0
341,31,9,,HR,Master,1.0,168.0,98000.0
342,42,20,10.0,HR,Bachelor,4.0,140.0,142000.0
343,42,21,2.0,Sales,Master,3.0,173.0,164000.0
344,34,15,6.0,Finance,Bachelor,2.0,162.0,142000.0
345,35,15,0.0,HR,Master,4.0,193.0,163000.0
346,42,15,3.0,Finance,Bachelor,3.0,170.0,153000.0
347,25,0,0.0,Engineering,Master,3.0,152.0,123000.0
348,25,5,,Operations,Master,2.0,169.0,110000.0
349,32,5,1.0,Marketing,High School,2.0,154.0,73000.0
350,37,14,3.0,Sales,Master,3.0,177.0,150000.0
351,43,17,1.0,Sales,Bachelor,2.0,,120000.0
352,54,26,2.0,Engineering,Master,5.0,184.0,293000.0
353,48,27,7.0,Engineering,Bachelor,1.0,158.0,160000.0
354,38,18,7.0,HR,Bachelor,3.0,170.0,121000.0
355,39,15,1.0,Engineering,PhD,2.0,,210000.0
356,29,0,0.0,Sales,Bachelor,3.0,180.0,95000.0
357,39,15,4.0,Marketing,Master,5.0,177.0,195000.0
358,37,16,2.0,Engineering,Bachelor,2.0,177.0,148000.0
359,43,16,3.0,Operations,Bachelor,5.0,170.0,155000.0
360,31,9,4.0,Engineering,Bachelor,3.0,176.0,151000.0
361,45,22,4.0,Sales,Bachelor,,194.0,175000.0
362,55,34,3.0,Sales,Bachelor,3.0,165.0,144000.0
363,38,16,3.0,Engineering,High School,4.0,172.0,145000.0
364,44,19,,Engineering,Bachelor,3.0,153.0,171000.0
365,46,27,8.0,Finance,High School,3.0,156.0,130000.0
366,35,12,3.0,Operations,PhD,2.0,171.0,149000.0
367,42,19,0.0,Engineering,PhD,2.0,186.0,224000.0
368,40,15,7.0,Finance,Bachelor,5.0,,202000.0
369,40,16,13.0,Finance,Master,3.0,166.0,205000.0
370,32,7,7.0,HR,Bachelor,3.0,163.0,86000.0
371,40,17,2.0,Sales,Master,4.0,161.0,162000.0
372,44,26,0.0,Sales,Master,3.0,174.0,158000.0
373,54,27,3.0,Sales,PhD,5.0,147.0,264000.0
374,49,22,0.0,Finance,Bachelor,4.0,189.0,183000.0
375,61,43,13.0,HR,Master,3.0,160.0,142000.0
376,32,9,1.0,Engineering,Bachelor,4.0,180.0,159000.0
377,48,23,1.0,Sales,PhD,1.0,150.0,165000.0
378,41,22,2.0,Operations,High School,3.0,180.0,97000.0
379,61,37,2.0,HR,Master,3.0,180.0,142000.0
380,31,13,7.0,Operations,Master,3.0,175.0,141000.0
381,31,11,3.0,HR,Master,4.0,155.0,144000.0
382,34,10,0.0,Sales,High School,5.0,173.0,118000.0
383,22,4,1.0,Marketing,PhD,3.0,152.0,136000.0
384,34,10,3.0,Finance,Bachelor,3.0,166.0,130000.0
385,32,12,0.0,Engineering,Master,5.0,185.0,243000.0
386,41,19,4.0,Marketing,Bachelor,3.0,181.0,135000.0
387,43,24,4.0,Finance,Bachelor,,170.0,171000.0
388,58,40,6.0,Engineering,Bachelor,3.0,155.0,189000.0
389,49,27,,HR,Bachelor,,179.0,174000.0
390,34,9,9.0,Marketing,Bachelor,3.0,170.0,121000.0
391,31,10,10.0,Operations,Bachelor,4.0,140.0,122000.0
392,44,19,1.0,Engineering,Bachelor,4.0,181.0,209000.0
393,26,8,0.0,Sales,Master,3.0,169.0,132000.0
394,58,36,,Finance,Master,,188.0,203000.0
395,51,27,11.0,Sales,High School,4.0,153.0,144000.0
396,35,13,13.0,Finance,Bachelor,3.0,140.0,159000.0
397,22,0,0.0,HR,High School,4.0,174.0,77000.0
398,53,28,0.0,Engineering,High School,5.0,174.0,194000.0
399,38,19,14.0,Marketing,Master,4.0,144.0,189000.0
400,52,28,2.0,Marketing,Master,4.0,155.0,161000.0
401,24,0,0.0,Sales,Bachelor,4.0,211.0,125000.0
402,34,13,2.0,Operations,Bachelor,,165.0,118000.0
403,40,21,0.0,HR,High School,,180.0,94000.0
404,40,20,3.0,Finance,Master,,160.0,196000.0
405,35,15,2.0,Finance,PhD,3.0,140.0,208000.0
406,46,21,3.0,Marketing,High School,4.0,167.0,111000.0
407,29,2,2.0,Operations,Bachelor,3.0,166.0,88000.0
408,38,20,10.0,Finance,Master,4.0,164.0,219000.0
409,41,18,5.0,Finance,PhD,3.0,168.0,230000.0
410,45,22,2.0,Operations,Bachelor,4.0,173.0,137000.0
411,47,28,8.0,Sales,High School,2.0,167.0,107000.0
412,28,7,7.0,HR,High School,4.0,151.0,84000.0
413,24,3,0.0,Engineering,Bachelor,3.0,,138000.0
414,52,34,3.0,Sales,Bachelor,3.0,140.0,136000.0
415,43,19,1.0,Sales,High School,3.0,140.0,112000.0
416,32,12,0.0,Operations,Bachelor,4.0,181.0,117000.0
417,55,33,5.0,Operations,High School,3.0,177.0,93000.0
418,41,19,9.0,Finance,Master,3.0,169.0,208000.0
419,51,33,0.0,Finance,Bachelor,5.0,149.0,210000.0
420,40,19,8.0,Marketing,High School,4.0,159.0,113000.0
421,60,39,9.0,Operations,Bachelor,5.0,166.0,181000.0
422,57,38,12.0,Marketing,Bachelor,3.0,146.0,133000.0
423,37,13,1.0,Sales,PhD,3.0,158.0,156000.0
424,49,24,11.0,Engineering,Bachelor,4.0,,231000.0
425,46,20,1.0,HR,Bachelor,3.0,191.0,115000.0
426,53,25,4.0,Finance,Master,4.0,163.0,220000.0
427,30,12,0.0,Sales,Bachelor,3.0,181.0,108000.0
428,46,20,0.0,Engineering,PhD,3.0,141.0,260000.0
429,50,27,6.0,HR,Bachelor,2.0,179.0,109000.0
430,22,0,0.0,Engineering,Bachelor,3.0,157.0,119000.0
431,28,6,1.0,Finance,High School,1.0,174.0,92000.0
432,22,2,1.0,Operations,Bachelor,,166.0,75000.0
433,37,17,5.0,Sales,Master,5.0,189.0,219000.0
434,47,23,0.0,Engineering,Master,3.0,156.0,183000.0
435,55,32,8.0,Finance,Bachelor,4.0,179.0,191000.0
436,40,18,0.0,HR,Bachelor,4.0,165.0,129000.0
437,56,33,1.0,Marketing,Master,3.0,167.0,144000.0
438,26,8,2.0,Operations,PhD,2.0,167.0,134000.0
439,22,1,1.0,Engineering,High School,4.0,157.0,116000.0
440,39,19,2.0,Marketing,Bachelor,4.0,169.0,150000.0
441,43,22,,Finance,Bachelor,4.0,169.0,173000.0
442,39,20,16.0,Operations,Master,4.0,173.0,205000.0
443,22,0,0.0,Engineering,High School,5.0,171.0,135000.0
444,39,13,0.0,HR,Bachelor,3.0,181.0,105000.0
445,26,5,2.0,Marketing,Master,3.0,183.0,127000.0
446,46,22,10.0,Sales,High School,4.0,154.0,149000.0
447,43,19,1.0,Engineering,Bachelor,2.0,183.0,149000.0
448,30,9,0.0,Operations,Bachelor,4.0,152.0,109000.0
449,34,15,7.0,Engineering,Bachelor,2.0,178.0,141000.0
450,29,7,,Sales,Bachelor,3.0,179.0,114000.0
451,39,17,4.0,Sales,Bachelor,4.0,141.0,153000.0
452,49,31,0.0,Operations,Bachelor,3.0,171.0,115000.0
453,30,8,0.0,Finance,Bachelor,3.0,162.0,126000.0
454,45,27,4.0,HR,Master,3.0,158.0,127000.0
455,34,13,1.0,Sales,Master,4.0,190.0,173000.0
456,32,4,3.0,Finance,Bachelor,3.0,160.0,134000.0
457,38,18,3.0,Marketing,High School,4.0,157.0,109000.0
458,29,8,1.0,HR,Bachelor,2.0,171.0,93000.0
459,34,15,14.0,Operations,Bachelor,4.0,180.0,130000.0
460,28,8,8.0,Engineering,Bachelor,4.0,167.0,176000.0
461,59,36,6.0,Finance,Master,2.0,187.0,192000.0
462,40,14,0.0,Engineering,High School,3.0,177.0,119000.0
463,33,10,0.0,Marketing,High School,2.0,140.0,77000.0
464,42,17,3.0,Sales,Bachelor,4.0,162.0,146000.0
465,38,14,0.0,Sales,Master,3.0,161.0,147000.0
466,37,16,16.0,Sales,Bachelor,4.0,177.0,157000.0
467,46,28,0.0,Finance,Master,,140.0,176000.0
468,47,26,3.0,Sales,Bachelor,3.0,208.0,141000.0
469,34,8,2.0,Finance,Master,1.0,,130000.0
470,34,13,5.0,Sales,Master,3.0,172.0,164000.0
471,37,18,0.0,Engineering,Bachelor,3.0,187.0,159000.0
472,22,0,0.0,HR,Bachelor,4.0,205.0,94000.0
473,24,1,1.0,Sales,Bachelor,4.0,183.0,108000.0
474,53,31,10.0,Sales,Bachelor,3.0,184.0,161000.0
475,56,31,0.0,Finance,Master,5.0,171.0,265000.0
476,37,16,12.0,Sales,Master,4.0,167.0,184000.0
477,45,22,8.0,Engineering,Master,5.0,162.0,308000.0
478,43,22,1.0,Sales,Master,3.0,157.0,161000.0
479,65,40,7.0,Operations,Bachelor,3.0,159.0,123000.0
480,51,27,0.0,Finance,Bachelor,2.0,149.0,147000.0
481,38,18,17.0,Finance,Master,4.0,168.0,240000.0
482,30,6,3.0,Finance,Bachelor,2.0,144.0,125000.0
483,23,5,1.0,Engineering,Master,3.0,172.0,156000.0
484,42,18,2.0,Sales,Bachelor,3.0,169.0,143000.0
485,32,10,0.0,HR,High School,3.0,172.0,74000.0
486,25,5,5.0,Engineering,PhD,4.0,162.0,245000.0
487,33,6,0.0,Sales,Bachelor,2.0,216.0,105000.0
488,29,1,1.0,Sales,PhD,3.0,190.0,145000.0
489,56,29,2.0,Sales,PhD,4.0,151.0,231000.0
490,48,29,14.0,Operations,Master,5.0,,206000.0
491,39,15,1.0,Engineering,Master,4.0,160.0,224000.0
492,54,36,3.0,Marketing,Bachelor,5.0,154.0,147000.0
493,40,16,3.0,Engineering,Master,4.0,149.0,215000.0
494,31,9,6.0,Operations,Bachelor,3.0,176.0,98000.0
495,55,37,0.0,Engineering,Bachelor,2.0,159.0,148000.0
496,45,27,1.0,Sales,Master,4.0,184.0,185000.0
497,29,11,1.0,Finance,Bachelor,4.0,184.0,166000.0
498,38,19,6.0,Finance,Bachelor,4.0,190.0,202000.0
499,31,12,1.0,Sales,Bachelor,3.0,157.0,119000.0
500,26,5,4.0,Sales,Bachelor,3.0,177.0,105000.0
501,49,29,1.0,Sales,Master,3.0,179.0,165000.0
502,59,35,9.0,Sales,Bachelor,3.0,162.0,144000.0
503,26,1,,Engineering,PhD,2.0,158.0,175000.0
504,45,22,3.0,Marketing,Master,4.0,194.0,187000.0
505,33,10,2.0,Sales,Master,2.0,173.0,133000.0
506,35,11,,Sales,Bachelor,2.0,179.0,107000.0
507,34,14,0.0,Finance,Master,3.0,157.0,167000.0
508,31,11,1.0,Operations,High School,4.0,151.0,90000.0
509,40,18,5.0,Finance,Master,3.0,161.0,190000.0
510,31,13,3.0,Engineering,High School,3.0,168.0,126000.0
511,42,16,14.0,Engineering,Master,3.0,,222000.0
512,39,16,2.0,Operations,PhD,3.0,169.0,159000.0
513,37,12,5.0,Sales,Bachelor,5.0,144.0,165000.0
514,30,2,2.0,Engineering,Bachelor,5.0,153.0,171000.0
515,34,11,3.0,Marketing,Master,3.0,180.0,131000.0
516,47,24,1.0,Finance,Bachelor,3.0,179.0,155000.0
517,45,27,3.0,Finance,Master,4.0,,205000.0
518,30,9,3.0,Sales,High School,1.0,154.0,75000.0
519,40,14,6.0,Engineering,High School,3.0,154.0,132000.0
520,47,29,14.0,Operations,PhD,3.0,,181000.0
521,23,4,1.0,Sales,Master,5.0,179.0,167000.0
522,45,24,0.0,Finance,Master,1.0,183.0,168000.0
523,33,10,3.0,Finance,Bachelor,3.0,162.0,143000.0
524,45,20,3.0,Finance,Master,4.0,152.0,212000.0
525,32,8,0.0,Sales,Bachelor,3.0,174.0,116000.0
526,22,3,3.0,Sales,Master,2.0,,123000.0
527,23,5,5.0,Marketing,Master,5.0,162.0,155000.0
528,40,22,14.0,Operations,Bachelor,3.0,189.0,128000.0
529,42,18,1.0,Operations,Bachelor,4.0,182.0,139000.0
530,30,4,4.0,Engineering,Bachelor,3.0,172.0,134000.0
531,46,24,,Engineering,Master,3.0,150.0,188000.0
532,23,0,0.0,Operations,Bachelor,3.0,173.0,77000.0
533,39,17,3.0,Finance,Master,2.0,185.0,179000.0
534,27,4,4.0,Operations,Bachelor,2.0,164.0,82000.0
535,33,9,3.0,Engineering,Master,4.0,190.0,201000.0
536,40,13,2.0,Marketing,Master,3.0,189.0,139000.0
537,31,10,3.0,Finance,Bachelor,2.0,194.0,147000.0
538,36,12,4.0,Finance,High School,3.0,174.0,116000.0
539,50,24,1.0,Sales,High School,4.0,178.0,131000.0
540,34,3,,Engineering,Master,2.0,191.0,163000.0
541,48,25,5.0,Marketing,Master,3.0,176.0,168000.0
542,28,10,,Sales,High School,2.0,162.0,91000.0
543,45,27,0.0,Marketing,Master,1.0,163.0,113000.0
544,54,30,4.0,Operations,Bachelor,2.0,173.0,116000.0
545,22,0,0.0,Sales,Bachelor,4.0,150.0,113000.0
546,32,11,0.0,HR,PhD,2.0,167.0,136000.0
547,45,20,3.0,Engineering,Bachelor,1.0,186.0,162000.0
548,37,15,2.0,Finance,Bachelor,3.0,140.0,156000.0
549,43,23,4.0,Operations,High School,4.0,193.0,116000.0
550,33,14,0.0,Engineering,High School,3.0,186.0,132000.0
551,40,17,2.0,Engineering,Bachelor,3.0,,166000.0
552,38,15,0.0,Sales,High School,1.0,178.0,74000.0
553,51,26,21.0,Engineering,Master,3.0,170.0,238000.0
554,42,17,4.0,Finance,Bachelor,3.0,188.0,171000.0
555,43,20,5.0,Operations,Bachelor,3.0,184.0,117000.0
556,35,14,1.0,Sales,Bachelor,3.0,148.0,120000.0
557,35,15,0.0,Sales,Bachelor,3.0,178.0,118000.0
558,35,10,10.0,Sales,Master,2.0,166.0,155000.0
559,43,25,1.0,Finance,PhD,3.0,171.0,251000.0
560,35,12,2.0,Engineering,High School,2.0,159.0,109000.0
561,42,19,5.0,Marketing,Master,4.0,196.0,183000.0
562,60,35,0.0,Finance,Bachelor,5.0,185.0,211000.0
563,48,18,8.0,Finance,Bachelor,5.0,158.0,230000.0
564,36,16,3.0,Engineering,Bachelor,,149.0,190000.0
565,52,32,1.0,Finance,High School,4.0,164.0,153000.0
566,35,12,,Engineering,High School,4.0,176.0,140000.0
567,22,0,0.0,Engineering,Master,3.0,173.0,166000.0
568,29,8,8.0,Operations,Bachelor,4.0,188.0,114000.0
569,22,0,,Finance,PhD,,181.0,151000.0
570,36,12,1.0,Engineering,Bachelor,3.0,184.0,149000.0
571,40,20,0.0,Engineering,High School,4.0,174.0,143000.0
572,56,30,5.0,Engineering,Master,3.0,,194000.0
573,43,21,4.0,Sales,Bachelor,3.0,167.0,131000.0
574,37,10,2.0,Engineering,Bachelor,5.0,185.0,192000.0
575,48,27,2.0,Engineering,Master,2.0,169.0,186000.0
576,22,0,0.0,Marketing,PhD,3.0,177.0,131000.0
577,42,15,5.0,Finance,Master,,,244000.0
578,47,28,17.0,Finance,Master,4.0,154.0,252000.0
579,25,0,0.0,Finance,Master,3.0,168.0,142000.0
580,51,26,4.0,Engineering,PhD,3.0,174.0,243000.0
581,43,21,2.0,Operations,Bachelor,3.0,160.0,114000.0
582,35,16,2.0,HR,High School,4.0,166.0,103000.0
583,46,20,1.0,HR,Bachelor,3.0,155.0,104000.0
584,62,40,,HR,Bachelor,3.0,186.0,111000.0
585,41,20,3.0,Operations,Master,2.0,165.0,137000.0
586,42,22,3.0,Marketing,Master,1.0,191.0,136000.0
587,35,13,1.0,Engineering,Bachelor,5.0,192.0,232000.0
588,31,7,1.0,Finance,High School,3.0,168.0,105000.0
589,48,23,0.0,Finance,Master,4.0,154.0,226000.0
590,31,9,6.0,Finance,Bachelor,2.0,140.0,132000.0
591,40,14,1.0,Marketing,Master,4.0,147.0,158000.0
592,35,4,4.0,Engineering,Bachelor,5.0,149.0,195000.0
593,44,23,2.0,Sales,Bachelor,3.0,190.0,123000.0
594,43,23,2.0,Operations,High School,2.0,171.0,91000.0
595,50,20,3.0,Marketing,High School,3.0,175.0,113000.0
596,34,8,2.0,Marketing,Master,4.0,140.0,145000.0
597,37,16,0.0,Sales,PhD,3.0,152.0,193000.0
598,30,12,1.0,Sales,Master,4.0,183.0,161000.0
599,35,13,5.0,Operations,High School,4.0,174.0,100000.0
600,43,18,5.0,Finance,Bachelor,4.0,167.0,186000.0
601,47,24,1.0,HR,Master,4.0,178.0,144000.0
602,30,12,3.0,Marketing,Master,2.0,194.0,124000.0
603,48,24,1.0,Finance,High School,3.0,166.0,121000.0
604,53,28,1.0,Engineering,High School,3.0,171.0,141000.0
605,44,20,0.0,Finance,Master,5.0,172.0,269000.0
606,58,33,11.0,Sales,Bachelor,4.0,205.0,178000.0
607,32,10,1.0,Sales,Bachelor,4.0,140.0,136000.0
608,27,9,1.0,Finance,High School,3.0,180.0,109000.0
609,22,0,,Operations,Bachelor,2.0,168.0,82000.0
610,54,31,0.0,Engineering,Master,4.0,178.0,234000.0
611,46,23,5.0,HR,PhD,3.0,160.0,172000.0
612,39,12,0.0,Sales,Bachelor,3.0,169.0,116000.0
613,42,22,0.0,Sales,Bachelor,4.0,180.0,159000.0
614,28,5,5.0,Engineering,High School,1.0,216.0,96000.0
615,64,41,2.0,Sales,Bachelor,3.0,182.0,144000.0
616,41,23,6.0,Marketing,Bachelor,3.0,157.0,122000.0
617,41,19,4.0,Engineering,Master,2.0,163.0,184000.0
618,47,22,1.0,Marketing,Bachelor,,163.0,173000.0
619,44,20,5.0,Operations,Bachelor,3.0,143.0,119000.0
620,42,23,0.0,Engineering,High School,2.0,165.0,124000.0
621,32,10,3.0,HR,Bachelor,,180.0,107000.0
622,44,17,2.0,Sales,High School,4.0,150.0,114000.0
623,58,38,1.0,Finance,Bachelor,3.0,185.0,161000.0
624,53,28,4.0,Sales,PhD,3.0,177.0,214000.0
625,55,37,10.0,Engineering,Bachelor,1.0,158.0,167000.0
626,34,15,15.0,Engineering,Bachelor,1.0,167.0,164000.0
627,30,6,4.0,Engineering,Master,3.0,193.0,169000.0
628,38,19,2.0,Engineering,PhD,4.0,181.0,300000.0
629,40,18,1.0,Finance,Bachelor,4.0,170.0,171000.0
630,50,30,1.0,Operations,Master,2.0,166.0,126000.0
631,23,2,2.0,HR,Bachelor,3.0,171.0,77000.0
632,55,30,2.0,Finance,Bachelor,5.0,162.0,235000.0
633,38,14,12.0,Engineering,Bachelor,3.0,140.0,163000.0
634,35,16,2.0,Sales,Master,4.0,200.0,180000.0
635,29,5,2.0,Sales,Master,2.0,172.0,116000.0
636,23,0,0.0,Engineering,Bachelor,5.0,175.0,168000.0
637,48,23,9.0,Marketing,High School,4.0,169.0,122000.0
638,40,19,5.0,Marketing,Master,5.0,158.0,192000.0
639,27,9,4.0,Sales,High School,4.0,167.0,109000.0
640,27,1,,Sales,Bachelor,3.0,146.0,90000.0
641,36,14,8.0,HR,Master,5.0,204.0,182000.0
642,56,38,0.0,HR,Master,3.0,151.0,122000.0
643,37,14,,Sales,Master,3.0,154.0,147000.0
644,24,3,,Operations,Master,4.0,163.0,124000.0
645,37,11,2.0,Operations,Bachelor,4.0,189.0,108000.0
646,37,16,3.0,Sales,Master,5.0,170.0,193000.0
647,22,0,0.0,Sales,Master,3.0,151.0,112000.0
648,39,19,0.0,Marketing,Bachelor,4.0,188.0,139000.0
649,37,18,10.0,Operations,High School,4.0,,125000.0
650,46,28,2.0,Operations,Bachelor,2.0,,122000.0
651,58,37,,Engineering,Bachelor,3.0,180.0,165000.0
652,51,29,0.0,Sales,Master,,205.0,169000.0
653,37,15,2.0,Marketing,Master,3.0,202.0,151000.0
654,28,4,3.0,Marketing,Bachelor,5.0,159.0,127000.0
655,65,44,2.0,Engineering,High School,4.0,194.0,149000.0
656,40,17,5.0,Operations,PhD,4.0,175.0,192000.0
657,40,18,2.0,Finance,High School,5.0,177.0,170000.0
658,39,20,16.0,HR,Bachelor,3.0,144.0,129000.0
659,41,15,4.0,Operations,Bachelor,4.0,167.0,130000.0
660,38,19,8.0,Finance,Bachelor,3.0,157.0,161000.0
661,34,15,0.0,Sales,High School,4.0,182.0,108000.0
662,34,11,2.0,Finance,High School,2.0,186.0,110000.0
663,39,10,2.0,Engineering,High School,,140.0,160000.0
664,34,10,4.0,Finance,Bachelor,3.0,169.0,133000.0
665,32,13,9.0,Engineering,Bachelor,3.0,186.0,175000.0
666,41,18,0.0,Finance,Bachelor,4.0,167.0,161000.0
667,37,12,0.0,Engineering,Master,3.0,180.0,175000.0
668,55,31,9.0,Engineering,Master,4.0,175.0,251000.0
669,22,2,1.0,Engineering,High School,3.0,175.0,98000.0
670,50,29,5.0,Engineering,Bachelor,4.0,165.0,196000.0
671,52,29,3.0,Finance,Master,3.0,,213000.0
672,22,0,0.0,Finance,Bachelor,2.0,,102000.0
673,36,12,0.0,Marketing,Bachelor,3.0,,124000.0
674,36,11,0.0,Engineering,Master,3.0,170.0,179000.0
675,25,7,4.0,Engineering,Master,2.0,167.0,162000.0
676,32,9,9.0,Engineering,Master,3.0,163.0,188000.0
677,28,9,2.0,Engineering,Bachelor,3.0,165.0,162000.0
678,57,39,1.0,Operations,Master,,185.0,128000.0
679,49,29,4.0,Engineering,Bachelor,3.0,164.0,164000.0
680,52,28,13.0,Sales,Master,4.0,149.0,197000.0
681,47,26,9.0,Engineering,Bachelor,2.0,181.0,176000.0
682,28,5,5.0,Engineering,Bachelor,3.0,166.0,126000.0
683,34,9,0.0,Marketing,Master,4.0,170.0,144000.0
684,44,22,0.0,Finance,Bachelor,3.0,194.0,177000.0
685,27,1,1.0,Engineering,Bachelor,4.0,169.0,143000.0
686,47,28,8.0,Engineering,PhD,3.0,174.0,258000.0
687,37,13,1.0,Sales,High School,3.0,152.0,92000.0
688,36,14,1.0,Engineering,Bachelor,1.0,166.0,137000.0
689,47,25,7.0,Engineering,High School,4.0,179.0,160000.0
690,44,21,0.0,Operations,Master,,146.0,171000.0
691,36,15,2.0,Finance,Master,1.0,173.0,169000.0
692,51,27,,Marketing,Bachelor,3.0,171.0,129000.0
693,29,9,4.0,Sales,Master,5.0,170.0,188000.0
694,46,19,6.0,Sales,Bachelor,3.0,,148000.0
695,45,23,,Marketing,Master,3.0,175.0,161000.0
696,36,18,4.0,Finance,Bachelor,5.0,192.0,213000.0
697,43,17,4.0,Finance,Bachelor,4.0,155.0,176000.0
698,27,2,2.0,Engineering,PhD,3.0,172.0,171000.0
699,49,28,5.0,Marketing,Bachelor,4.0,171.0,153000.0
700,38,16,1.0,Sales,High School,4.0,153.0,119000.0
701,34,13,0.0,Operations,Bachelor,3.0,184.0,98000.0
702,50,29,0.0,Finance,PhD,3.0,204.0,231000.0
703,32,11,1.0,Marketing,Bachelor,3.0,169.0,101000.0
704,25,6,3.0,Engineering,High School,5.0,177.0,144000.0
705,24,3,3.0,Finance,Bachelor,4.0,171.0,147000.0
706,46,23,6.0,Engineering,Bachelor,2.0,159.0,161000.0
707,27,7,7.0,Sales,Bachelor,4.0,142.0,130000.0
708,57,39,2.0,Engineering,Master,3.0,159.0,187000.0
709,22,0,0.0,Finance,PhD,2.0,149.0,155000.0
710,56,31,2.0,Engineering,Bachelor,3.0,195.0,175000.0
711,42,23,1.0,Sales,Bachelor,3.0,,129000.0
712,39,16,0.0,Operations,Bachelor,4.0,164.0,123000.0
713,34,5,4.0,Engineering,High School,3.0,183.0,112000.0
714,43,23,22.0,Marketing,Master,4.0,153.0,198000.0
715,39,15,0.0,Sales,Bachelor,3.0,158.0,113000.0
716,51,28,0.0,Engineering,Bachelor,2.0,171.0,174000.0
717,41,19,7.0,HR,Master,5.0,185.0,193000.0
718,41,19,1.0,Engineering,Bachelor,3.0,177.0,168000.0
719,36,16,8.0,Marketing,Master,3.0,173.0,159000.0
720,39,15,6.0,Marketing,High School,3.0,171.0,115000.0
721,43,22,14.0,Finance,Master,4.0,176.0,236000.0
722,22,0,0.0,Finance,PhD,3.0,173.0,168000.0
723,26,6,5.0,Sales,Master,2.0,154.0,121000.0
724,47,26,3.0,Engineering,PhD,2.0,170.0,230000.0
725,41,16,4.0,Finance,Bachelor,3.0,153.0,149000.0
726,38,19,2.0,Marketing,Bachelor,4.0,171.0,135000.0
727,40,16,1.0,HR,Master,3.0,162.0,130000.0
728,43,23,3.0,HR,Bachelor,3.0,208.0,114000.0
729,34,13,3.0,HR,Bachelor,,169.0,106000.0
730,32,14,8.0,Marketing,Bachelor,3.0,148.0,121000.0
731,41,18,6.0,Sales,High School,5.0,167.0,150000.0
732,30,6,5.0,HR,Bachelor,3.0,,95000.0
733,44,21,0.0,Marketing,Bachelor,5.0,195.0,168000.0
734,22,0,0.0,Engineering,Master,3.0,161.0,145000.0
735,50,30,3.0,Operations,Bachelor,2.0,146.0,105000.0
736,44,17,11.0,Operations,High School,4.0,182.0,112000.0
737,42,16,12.0,Marketing,Bachelor,3.0,149.0,124000.0
738,49,23,,Engineering,Bachelor,4.0,163.0,183000.0
739,56,36,8.0,Sales,Master,5.0,166.0,207000.0
740,50,32,0.0,HR,Bachelor,2.0,168.0,116000.0
741,22,0,0.0,Operations,Bachelor,2.0,180.0,76000.0
742,27,4,3.0,Engineering,Master,4.0,159.0,193000.0
743,33,11,0.0,Engineering,Bachelor,3.0,,153000.0
744,40,21,6.0,Operations,High School,2.0,169.0,87000.0
745,45,20,0.0,Sales,Bachelor,1.0,172.0,107000.0
746,32,10,0.0,Marketing,PhD,1.0,171.0,147000.0
747,41,21,4.0,Operations,Bachelor,4.0,176.0,150000.0
748,32,11,6.0,Engineering,Bachelor,2.0,182.0,149000.0
749,33,11,11.0,Finance,High School,3.0,175.0,125000.0
750,25,6,6.0,Engineering,Bachelor,4.0,176.0,160000.0
751,30,0,0.0,Sales,Bachelor,3.0,146.0,96000.0
752,26,6,2.0,HR,Bachelor,1.0,170.0,77000.0
753,30,6,0.0,Sales,High School,4.0,177.0,88000.0
754,50,22,0.0,Operations,PhD,1.0,180.0,133000.0
755,30,9,3.0,Marketing,Master,4.0,159.0,147000.0
756,65,47,5.0,Sales,Bachelor,4.0,160.0,150000.0
757,44,21,2.0,Engineering,Master,3.0,161.0,203000.0
758,41,21,6.0,Sales,High School,3.0,178.0,107000.0
759,31,13,3.0,Sales,Bachelor,3.0,185.0,120000.0
760,47,28,0.0,Engineering,Master,3.0,163.0,209000.0
761,34,16,1.0,Sales,Master,4.0,183.0,179000.0
762,41,21,9.0,Marketing,Master,4.0,171.0,186000.0
763,65,43,6.0,Finance,Bachelor,3.0,168.0,176000.0
764,39,12,11.0,Finance,PhD,4.0,,264000.0
765,51,28,0.0,Finance,High School,5.0,181.0,186000.0
766,32,7,7.0,Engineering,Master,5.0,174.0,232000.0
767,39,21,1.0,Engineering,PhD,3.0,204.0,247000.0
768,57,34,,Finance,Bachelor,3.0,157.0,147000.0
769,33,11,11.0,Marketing,Master,,177.0,142000.0
770,58,37,1.0,Engineering,High School,5.0,,190000.0
771,47,25,5.0,HR,Bachelor,2.0,156.0,121000.0
772,34,16,0.0,HR,Bachelor,3.0,169.0,113000.0
773,46,22,4.0,Marketing,Bachelor,3.0,172.0,117000.0
774,49,27,11.0,Engineering,PhD,3.0,213.0,295000.0
775,46,21,1.0,HR,Master,3.0,167.0,126000.0
776,24,0,0.0,Marketing,Bachelor,5.0,153.0,123000.0
777,32,8,1.0,HR,Master,2.0,174.0,108000.0
778,37,14,4.0,HR,PhD,3.0,140.0,161000.0
779,39,15,2.0,HR,High School,2.0,168.0,77000.0
780,46,21,1.0,Marketing,PhD,2.0,170.0,181000.0
781,41,14,1.0,Engineering,High School,3.0,181.0,116000.0
782,26,3,0.0,Finance,Master,3.0,184.0,142000.0
783,43,16,11.0,Finance,Bachelor,3.0,162.0,157000.0
784,46,26,2.0,Finance,High School,3.0,167.0,118000.0
785,45,23,1.0,Engineering,Bachelor,2.0,158.0,160000.0
786,50,23,2.0,Engineering,Master,3.0,,222000.0
787,48,25,1.0,Operations,Bachelor,5.0,174.0,178000.0
788,44,19,6.0,Finance,High School,5.0,150.0,179000.0
789,39,17,17.0,Operations,Bachelor,3.0,163.0,135000.0
790,23,5,2.0,HR,PhD,3.0,155.0,133000.0
791,44,16,9.0,Marketing,Bachelor,5.0,178.0,177000.0
792,42,20,4.0,Finance,Bachelor,1.0,197.0,142000.0
793,42,19,0.0,Operations,Bachelor,4.0,150.0,130000.0
794,27,7,5.0,Marketing,High School,5.0,142.0,116000.0
795,29,7,3.0,Finance,Master,2.0,168.0,147000.0
796,50,25,5.0,Engineering,Master,2.0,170.0,200000.0
797,39,16,11.0,Marketing,Bachelor,5.0,173.0,175000.0
798,46,21,2.0,Finance,Bachelor,3.0,163.0,168000.0
799,40,21,11.0,Sales,Master,1.0,166.0,142000.0
800,40,18,6.0,Engineering,Bachelor,3.0,175.0,173000.0
801,49,31,3.0,Sales,Master,3.0,185.0,182000.0
802,34,11,,Engineering,Master,4.0,140.0,220000.0
803,40,15,,Engineering,Master,4.0,164.0,231000.0
804,35,8,8.0,Sales,Bachelor,5.0,173.0,161000.0
805,35,7,5.0,Operations,Bachelor,3.0,156.0,99000.0
806,36,9,0.0,Marketing,PhD,3.0,195.0,162000.0
807,42,20,1.0,Engineering,Bachelor,3.0,160.0,181000.0
808,35,14,4.0,Engineering,Master,3.0,169.0,173000.0
809,52,25,0.0,Finance,Bachelor,2.0,178.0,142000.0
810,31,11,,Sales,Master,5.0,161.0,198000.0
811,38,14,2.0,HR,Bachelor,4.0,142.0,120000.0
812,35,13,,Finance,Bachelor,3.0,,140000.0
813,54,36,2.0,HR,High School,,185.0,103000.0
814,41,21,1.0,Sales,Master,3.0,164.0,155000.0
815,50,27,0.0,Finance,Master,3.0,157.0,176000.0
816,25,0,0.0,Sales,Bachelor,4.0,183.0,122000.0
817,42,13,3.0,Operations,Bachelor,3.0,165.0,106000.0
818,48,23,1.0,Finance,Master,5.0,162.0,257000.0
819,40,17,1.0,Sales,High School,4.0,172.0,122000.0
820,50,25,4.0,Sales,Bachelor,3.0,181.0,146000.0
821,34,11,,Engineering,Bachelor,4.0,205.0,182000.0
822,54,32,0.0,Finance,Bachelor,2.0,182.0,161000.0
823,62,39,0.0,Engineering,Bachelor,3.0,187.0,165000.0
824,36,12,8.0,Marketing,Bachelor,3.0,162.0,116000.0
825,35,13,6.0,Sales,High School,3.0,154.0,104000.0
826,54,33,6.0,Finance,Bachelor,,170.0,189000.0
827,55,29,6.0,HR,Bachelor,3.0,171.0,122000.0
828,34,16,5.0,HR,Bachelor,4.0,153.0,132000.0
829,35,12,3.0,HR,Bachelor,3.0,,109000.0
830,37,15,5.0,Engineering,Master,3.0,,180000.0
831,26,6,0.0,Engineering,High School,4.0,175.0,129000.0
832,30,8,4.0,Finance,Bachelor,3.0,177.0,136000.0
833,29,9,7.0,Sales,High School,3.0,174.0,99000.0
834,32,10,3.0,Sales,High School,3.0,162.0,96000.0
835,39,15,2.0,Engineering,Bachelor,3.0,162.0,170000.0
836,42,21,,Sales,Bachelor,1.0,152.0,120000.0
837,55,29,5.0,Engineering,Master,4.0,196.0,266000.0
838,30,8,5.0,Operations,Bachelor,3.0,170.0,107000.0
839,49,26,10.0,Engineering,PhD,3.0,166.0,269000.0
840,37,14,2.0,Marketing,High School,5.0,156.0,124000.0
841,39,16,7.0,Engineering,High School,,214.0,148000.0
842,46,18,4.0,Finance,High School,,153.0,152000.0
843,28,4,4.0,Sales,Bachelor,2.0,163.0,99000.0
844,43,21,3.0,Operations,Bachelor,3.0,176.0,121000.0
845,41,19,,Operations,Master,4.0,179.0,162000.0
846,44,18,4.0,Sales,High School,3.0,184.0,104000.0
847,42,23,6.0,Operations,PhD,4.0,197.0,220000.0
848,64,39,16.0,Operations,Master,3.0,177.0,161000.0
849,33,13,0.0,HR,Bachelor,2.0,154.0,107000.0
850,34,13,0.0,HR,High School,3.0,166.0,76000.0
851,33,9,9.0,Engineering,Bachelor,3.0,174.0,151000.0
852,34,16,3.0,Marketing,High School,4.0,201.0,114000.0
853,33,7,4.0,Engineering,High School,3.0,149.0,119000.0
854,51,31,3.0,Engineering,Bachelor,5.0,188.0,242000.0
855,54,35,0.0,Operations,Bachelor,5.0,,158000.0
856,34,9,7.0,Sales,Bachelor,3.0,182.0,114000.0
857,31,13,6.0,Finance,PhD,3.0,168.0,205000.0
858,44,21,1.0,HR,Master,4.0,157.0,161000.0
859,34,12,1.0,Operations,PhD,5.0,181.0,188000.0
860,46,24,9.0,Operations,High School,3.0,179.0,98000.0
861,42,19,0.0,Engineering,Bachelor,3.0,184.0,172000.0
862,24,4,4.0,Engineering,Bachelor,3.0,169.0,128000.0
863,55,35,1.0,Sales,High School,4.0,161.0,132000.0
864,57,29,4.0,Engineering,High School,3.0,146.0,147000.0
865,33,14,13.0,Engineering,Master,4.0,182.0,223000.0
866,36,9,5.0,Sales,Master,2.0,176.0,128000.0
867,42,23,2.0,HR,Bachelor,1.0,155.0,87000.0
868,43,24,5.0,Marketing,Bachelor,3.0,161.0,124000.0
869,46,20,2.0,Sales,Bachelor,3.0,162.0,139000.0
870,60,36,1.0,Finance,High School,3.0,147.0,125000.0
871,38,12,12.0,Engineering,Bachelor,3.0,157.0,169000.0
872,32,9,6.0,Engineering,Bachelor,3.0,152.0,137000.0
873,26,3,3.0,HR,High School,2.0,163.0,70000.0
874,32,12,2.0,Finance,PhD,3.0,158.0,199000.0
875,39,20,0.0,HR,Bachelor,5.0,145.0,154000.0
876,57,39,0.0,Engineering,Master,3.0,200.0,207000.0
877,34,10,4.0,HR,Bachelor,3.0,188.0,98000.0
878,42,19,7.0,Finance,Bachelor,3.0,158.0,157000.0
879,39,11,3.0,Marketing,Bachelor,5.0,174.0,158000.0
880,51,26,9.0,Finance,High School,3.0,176.0,142000.0
881,65,45,0.0,Operations,Bachelor,4.0,187.0,141000.0
882,34,16,2.0,Marketing,Master,4.0,157.0,165000.0
883,35,9,1.0,Marketing,Master,4.0,186.0,149000.0
884,50,26,2.0,Operations,Bachelor,2.0,,101000.0
885,46,23,0.0,HR,Bachelor,4.0,149.0,129000.0
886,58,36,15.0,Sales,PhD,2.0,180.0,210000.0
887,45,20,1.0,Finance,High School,3.0,189.0,144000.0
888,36,15,12.0,Sales,Bachelor,4.0,208.0,170000.0
889,45,21,2.0,Engineering,Bachelor,,152.0,183000.0
890,51,28,21.0,Marketing,Master,,180.0,215000.0
891,48,27,,Operations,PhD,1.0,163.0,140000.0
892,45,23,13.0,Operations,Bachelor,4.0,181.0,152000.0
893,50,26,0.0,Sales,Master,3.0,147.0,159000.0
894,51,28,6.0,Marketing,Master,3.0,151.0,149000.0
895,53,30,11.0,Engineering,Bachelor,2.0,158.0,172000.0
896,46,22,0.0,Operations,Bachelor,5.0,,154000.0
897,38,15,0.0,Operations,Bachelor,2.0,160.0,108000.0
898,41,23,2.0,Finance,PhD,2.0,,201000.0
899,52,31,13.0,HR,Bachelor,3.0,185.0,140000.0
900,31,8,3.0,Finance,Master,4.0,178.0,180000.0
901,43,23,3.0,Marketing,Bachelor,3.0,194.0,122000.0
902,36,12,0.0,Engineering,Master,2.0,176.0,181000.0
903,40,21,0.0,Marketing,Bachelor,3.0,151.0,127000.0
904,52,31,8.0,Finance,Bachelor,3.0,190.0,186000.0
905,41,18,0.0,Finance,Master,3.0,160.0,191000.0
906,40,19,5.0,Sales,Master,3.0,183.0,184000.0
907,26,0,0.0,Operations,Master,4.0,193.0,119000.0
908,47,21,1.0,Engineering,High School,3.0,176.0,135000.0
909,46,20,,Marketing,Master,3.0,147.0,157000.0
910,61,39,0.0,Finance,High School,3.0,156.0,134000.0
911,36,18,4.0,Finance,Bachelor,5.0,189.0,212000.0
912,42,24,0.0,Finance,Bachelor,5.0,167.0,207000.0
913,42,21,6.0,Sales,Bachelor,4.0,171.0,159000.0
914,55,34,1.0,Engineering,Bachelor,3.0,181.0,153000.0
915,39,11,3.0,Finance,PhD,2.0,180.0,199000.0
916,42,18,4.0,Marketing,High School,3.0,174.0,91000.0
917,46,21,0.0,Engineering,Master,3.0,166.0,201000.0
918,41,17,,Finance,Bachelor,3.0,165.0,168000.0
919,35,12,,Marketing,High School,4.0,182.0,101000.0
920,41,17,5.0,Finance,Bachelor,4.0,178.0,201000.0
921,50,22,0.0,HR,PhD,4.0,166.0,176000.0
922,29,9,5.0,Engineering,Master,3.0,186.0,192000.0
923,41,15,0.0,Engineering,PhD,4.0,168.0,266000.0
924,32,10,,HR,PhD,,157.0,131000.0
925,51,33,1.0,Finance,Bachelor,2.0,158.0,172000.0
926,24,0,,Finance,Bachelor,4.0,155.0,129000.0
927,34,4,1.0,HR,Master,1.0,165.0,87000.0
928,43,20,10.0,HR,Bachelor,3.0,188.0,120000.0
929,55,36,11.0,Operations,Bachelor,3.0,157.0,125000.0
930,39,21,1.0,Marketing,Bachelor,4.0,172.0,143000.0
931,34,8,4.0,Marketing,Bachelor,4.0,160.0,122000.0
932,58,37,0.0,Sales,Bachelor,,166.0,130000.0
933,25,1,,Engineering,Bachelor,4.0,147.0,145000.0
934,22,0,0.0,Marketing,Bachelor,,166.0,86000.0
935,44,26,5.0,Sales,Bachelor,3.0,167.0,125000.0
936,34,7,4.0,Operations,Bachelor,4.0,178.0,112000.0
937,29,7,1.0,Marketing,Bachelor,4.0,173.0,103000.0
938,47,26,2.0,Marketing,Master,5.0,152.0,206000.0
939,42,23,0.0,Sales,High School,3.0,186.0,102000.0
940,34,12,6.0,Engineering,Bachelor,4.0,173.0,183000.0
941,27,5,3.0,Engineering,Master,4.0,172.0,200000.0
942,48,24,6.0,Sales,Bachelor,5.0,169.0,181000.0
943,46,24,1.0,Engineering,Bachelor,2.0,162.0,168000.0
944,39,15,1.0,Finance,Master,4.0,173.0,202000.0
945,58,37,2.0,Operations,Bachelor,3.0,177.0,128000.0
946,29,5,0.0,Operations,Master,3.0,143.0,105000.0
947,24,3,2.0,Finance,Master,3.0,161.0,140000.0
948,33,10,8.0,Engineering,Master,3.0,166.0,192000.0
949,39,20,11.0,Operations,Bachelor,,173.0,125000.0
950,42,19,,Operations,High School,4.0,187.0,105000.0
951,37,9,3.0,Engineering,Bachelor,3.0,158.0,141000.0
952,43,24,0.0,Finance,Bachelor,4.0,162.0,181000.0
953,27,2,2.0,Sales,Bachelor,,162.0,106000.0
954,54,30,0.0,HR,Bachelor,2.0,157.0,98000.0
955,39,15,14.0,Operations,Bachelor,3.0,164.0,121000.0
956,51,33,3.0,Engineering,High School,3.0,181.0,144000.0
957,43,14,2.0,Operations,Bachelor,3.0,154.0,107000.0
958,44,26,12.0,Finance,Bachelor,2.0,176.0,181000.0
959,45,26,0.0,Operations,Master,3.0,144.0,136000.0
960,44,22,4.0,Marketing,High School,3.0,161.0,101000.0
961,46,23,3.0,HR,Bachelor,3.0,165.0,121000.0
962,53,31,1.0,Engineering,PhD,3.0,195.0,251000.0
963,41,20,2.0,Sales,Bachelor,2.0,165.0,125000.0
964,47,26,,Engineering,Bachelor,5.0,140.0,242000.0
965,39,18,6.0,Operations,High School,4.0,140.0,104000.0
966,54,32,0.0,HR,Master,4.0,170.0,154000.0
967,33,10,10.0,Operations,Bachelor,,179.0,101000.0
968,58,35,0.0,Operations,Bachelor,4.0,175.0,142000.0
969,39,16,1.0,Engineering,Bachelor,,172.0,155000.0
970,25,6,1.0,Sales,Master,4.0,187.0,153000.0
971,41,20,0.0,Engineering,Bachelor,2.0,161.0,158000.0
972,33,2,0.0,Engineering,High School,4.0,183.0,106000.0
973,48,27,21.0,Engineering,Master,4.0,145.0,282000.0
974,33,11,1.0,Marketing,Bachelor,3.0,156.0,110000.0
975,35,12,0.0,Sales,Master,4.0,142.0,165000.0
976,22,0,0.0,Engineering,Bachelor,,165.0,104000.0
977,35,16,6.0,Engineering,Master,3.0,169.0,215000.0
978,22,2,2.0,Engineering,Bachelor,1.0,171.0,104000.0
979,24,0,0.0,Operations,Master,4.0,170.0,117000.0
980,47,26,0.0,HR,PhD,2.0,156.0,161000.0
981,47,22,1.0,Operations,Bachelor,3.0,,111000.0
982,44,17,0.0,Sales,Bachelor,3.0,147.0,130000.0
983,30,6,0.0,Sales,Bachelor,3.0,190.0,106000.0
984,39,19,2.0,HR,Bachelor,2.0,165.0,98000.0
985,39,19,1.0,Sales,Bachelor,4.0,162.0,159000.0
986,28,7,3.0,Sales,Bachelor,4.0,193.0,126000.0
987,55,35,,Engineering,Bachelor,2.0,151.0,153000.0
988,48,27,14.0,Engineering,Bachelor,2.0,153.0,176000.0
989,37,13,11.0,Sales,Bachelor,2.0,153.0,126000.0
990,40,19,4.0,Sales,Master,4.0,168.0,187000.0
991,42,22,2.0,Finance,High School,3.0,176.0,134000.0
992,22,2,2.0,Engineering,High School,3.0,181.0,96000.0
993,37,18,2.0,Engineering,Bachelor,2.0,208.0,158000.0
994,33,13,6.0,HR,Bachelor,4.0,140.0,124000.0
995,29,8,3.0,Engineering,Bachelor,,179.0,182000.0
996,37,18,9.0,Sales,Bachelor,4.0,161.0,159000.0
997,57,34,14.0,Operations,Bachelor,4.0,161.0,157000.0
998,46,21,2.0,Engineering,Master,2.0,160.0,194000.0
999,34,11,4.0,Engineering,High School,2.0,156.0,112000.0
1000,45,20,0.0,Marketing,Master,1.0,195.0,128000.0
